,MAKE,MODEL,VEHICLE CLASS,ENGINE SIZE,CYLINDERS,TRANSMISSION,FUEL,FUEL CONSUMPTION,COEMISSIONS
0,ACURA,1.6EL,COMPACT,1.6,4,A4,X,10.5,216
1,ACURA,1.6EL,COMPACT,1.6,4,M5,X,9.8,205
2,ACURA,3.2TL,MID-SIZE,3.2,6,AS5,Z,13.7,265
3,ACURA,3.5RL,MID-SIZE,3.5,6,A4,Z,15.0,301
4,ACURA,INTEGRA,SUBCOMPACT,1.8,4,A4,X,11.4,230
5,ACURA,INTEGRA,SUBCOMPACT,1.8,4,M5,X,10.6,219
6,ACURA,INTEGRA GSR/TYPE R,SUBCOMPACT,1.8,4,M5,Z,10.8,223
7,ACURA,NSX,SUBCOMPACT,3.0,6,AS4,Z,15.2,306
8,ACURA,NSX,SUBCOMPACT,3.2,6,M6,Z,15.4,306
9,AUDI,A4,COMPACT,1.8,4,A5,Z,12.9,251
10,AUDI,A4,COMPACT,1.8,4,M5,Z,11.1,223
11,AUDI,A4,COMPACT,2.8,6,A5,Z,14.6,285
12,AUDI,A4,COMPACT,2.8,6,M5,Z,13.2,260
13,AUDI,A4 QUATTRO,COMPACT,1.8,4,A5,Z,13.6,267
14,AUDI,A4 QUATTRO,COMPACT,1.8,4,M5,Z,12.1,246
15,AUDI,A4 QUATTRO,COMPACT,2.8,6,A5,Z,14.9,292
16,AUDI,A4 QUATTRO,COMPACT,2.8,6,M5,Z,14.3,288
17,AUDI,A6,MID-SIZE,2.8,6,A5,Z,15.0,294
18,AUDI,A6 AVANT QUATTRO,STATION WAGON - MID-SIZE,2.8,6,A5,Z,15.4,306
19,AUDI,A6 QUATTRO,MID-SIZE,2.7,6,A5,Z,15.2,304
20,AUDI,A6 QUATTRO,MID-SIZE,2.7,6,M6,Z,15.2,304
21,AUDI,A6 QUATTRO,MID-SIZE,2.8,6,A5,Z,15.4,306
22,AUDI,A6 QUATTRO,MID-SIZE,2.8,6,M5,Z,14.6,297
23,AUDI,A6 QUATTRO,MID-SIZE,4.2,8,A5,Z,15.5,308
24,AUDI,A8 QUATTRO,MID-SIZE,4.2,8,A5,Z,15.5,308
25,AUDI,S4 QUATTRO,COMPACT,2.7,6,A5,Z,15.2,304
26,AUDI,S4 QUATTRO,COMPACT,2.7,6,M6,Z,15.2,304
27,AUDI,TT COUPE QUATTRO,MINICOMPACT,1.8,4,M5,Z,13.1,260
28,AUDI,TT COUPE QUATTRO (SUPERCHARGED),MINICOMPACT,1.8,4,M6,Z,13.1,260
29,AUDI,TT ROADSTER,TWO-SEATER,1.8,4,M5,Z,12.3,246
30,AUDI,TT ROADSTER QUATTRO (SUPERCHARGED),TWO-SEATER,1.8,4,M6,Z,13.1,260
31,BMW,323 CONVERTIBLE,COMPACT,2.5,6,A5,Z,14.6,292
32,BMW,323 CONVERTIBLE,COMPACT,2.5,6,M5,Z,13.9,281
33,BMW,323Ci,COMPACT,2.5,6,A5,Z,13.8,271
34,BMW,323Ci,COMPACT,2.5,6,M5,Z,13.0,258
35,BMW,323i,COMPACT,2.5,6,A5,Z,13.8,271
36,BMW,323i,COMPACT,2.5,6,M5,Z,13.0,258
37,BMW,328Ci,COMPACT,2.8,6,A5,Z,13.9,274
38,BMW,328Ci,COMPACT,2.8,6,M5,Z,13.0,258
39,BMW,328i,COMPACT,2.8,6,A5,Z,13.9,274
40,BMW,328i,COMPACT,2.8,6,M5,Z,13.0,258
41,BMW,528i,COMPACT,2.8,6,A4,Z,14.6,288
42,BMW,528i,COMPACT,2.8,6,M5,Z,13.0,258
43,BMW,528i TOURING,STATION WAGON - SMALL,2.8,6,A4,Z,14.6,288
44,BMW,528i TOURING,STATION WAGON - SMALL,2.8,6,M5,Z,14.5,285
45,BMW,540i,COMPACT,4.4,8,A5,Z,14.7,294
46,BMW,540i,COMPACT,4.4,8,M6,Z,16.4,317
47,BMW,540i TOURING,STATION WAGON - SMALL,4.4,8,A5,Z,15.5,320
48,BMW,740i,MID-SIZE,4.4,8,A5,Z,15.4,308
49,BMW,740iL,FULL-SIZE,4.4,8,A5,Z,15.4,308
50,BMW,750iL,FULL-SIZE,5.4,12,A5,Z,19.1,373
51,BMW,M COUPE,TWO-SEATER,3.2,6,M5,Z,13.9,281
52,BMW,M ROADSTER,MINICOMPACT,3.2,6,M5,Z,13.9,281
53,BMW,M5,COMPACT,4.9,8,M6,Z,19.6,375
54,BMW,X5,SUV,4.4,8,A5,Z,14.9,294
55,BMW,Z3,SUBCOMPACT,2.5,6,A4,Z,14.0,278
56,BMW,Z3,SUBCOMPACT,2.5,6,M5,Z,13.4,267
57,BMW,Z3,SUBCOMPACT,2.8,6,A4,Z,13.9,278
58,BMW,Z3,SUBCOMPACT,2.8,6,M5,Z,13.9,278
59,BMW,Z8,TWO-SEATER,4.9,8,M6,Z,19.3,380
60,BUICK,CENTURY,MID-SIZE,3.1,6,A4,X,13.1,255
61,BUICK,LESABRE,FULL-SIZE,3.8,6,A4,X,13.8,265
62,BUICK,PARK AVENUE,FULL-SIZE,3.8,6,A4,X,14.4,276
63,BUICK,PARK AVENUE #,FULL-SIZE,3.8,6,A4,Z,15.1,290
64,BUICK,REGAL,MID-SIZE,3.8,6,A4,X,13.5,262
65,BUICK,REGAL #,MID-SIZE,3.8,6,A4,Z,15.1,290
66,CADILLAC,CATERA,MID-SIZE,3.0,6,A4,Z,14.7,294
67,CADILLAC,DEVILLE,FULL-SIZE,4.6,8,A4,Z,15.5,297
68,CADILLAC,ELDORADO,MID-SIZE,4.6,8,A4,Z,15.5,297
69,CADILLAC,ESCALADE 4X4,SUV,5.7,8,A4,X,21.2,430
70,CADILLAC,SEVILLE,MID-SIZE,4.6,8,A4,Z,15.5,297
71,CHEVROLET,ASTRO AWD CARGO,VAN - CARGO,4.3,6,A4,X,17.0,350
72,CHEVROLET,ASTRO AWD PASSENGER,VAN - PASSENGER,4.3,6,A4,X,17.4,359
73,CHEVROLET,ASTRO CARGO,VAN - CARGO,4.3,6,A4,X,16.2,336
74,CHEVROLET,ASTRO PASSENGER,VAN - PASSENGER,4.3,6,A4,X,17.7,368
75,CHEVROLET,BLAZER,SUV,4.3,6,A4,X,16.2,336
76,CHEVROLET,BLAZER,SUV,4.3,6,M5,X,16.3,327
77,CHEVROLET,BLAZER 4X4,SUV,4.3,6,A4,X,16.9,350
78,CHEVROLET,BLAZER 4X4,SUV,4.3,6,M5,X,18.7,386
79,CHEVROLET,C1500 SILVERADO,PICKUP TRUCK - STANDARD,4.3,6,A4,X,17.7,368
80,CHEVROLET,C1500 SILVERADO,PICKUP TRUCK - STANDARD,4.3,6,M5,X,18.5,384
81,CHEVROLET,C1500 SILVERADO,PICKUP TRUCK - STANDARD,4.8,8,A4,X,16.3,334
82,CHEVROLET,C1500 SILVERADO,PICKUP TRUCK - STANDARD,4.8,8,M5,X,18.9,373
83,CHEVROLET,C1500 SILVERADO,PICKUP TRUCK - STANDARD,5.3,8,A4,X,16.7,343
84,CHEVROLET,C2500 SILVERADO,PICKUP TRUCK - STANDARD,5.3,8,A4,X,17.9,373
85,CHEVROLET,C2500 SILVERADO,PICKUP TRUCK - STANDARD,6.0,8,A4,X,21.4,435
86,CHEVROLET,CAMARO,SUBCOMPACT,3.8,6,A4,X,13.9,269
87,CHEVROLET,CAMARO,SUBCOMPACT,3.8,6,M5,X,13.7,262
88,CHEVROLET,CAMARO,SUBCOMPACT,5.7,8,A4,Z,15.4,306
89,CHEVROLET,CAMARO,SUBCOMPACT,5.7,8,M6,Z,14.7,285
90,CHEVROLET,CAVALIER,SUBCOMPACT,2.2,4,A4,X,11.6,232
91,CHEVROLET,CAVALIER,SUBCOMPACT,2.2,4,M5,X,12.2,235
92,CHEVROLET,CAVALIER,SUBCOMPACT,2.4,4,A4,X,12.5,248
93,CHEVROLET,CAVALIER,SUBCOMPACT,2.4,4,M5,X,12.1,235
94,CHEVROLET,CAVALIER BIFUEL,SUBCOMPACT,2.2,4,A3,X,11.8,242
95,CHEVROLET,CORVETTE,SUBCOMPACT,5.7,8,A4,Z,15.5,308
96,CHEVROLET,CORVETTE,SUBCOMPACT,5.7,8,M6,Z,14.4,278
97,CHEVROLET,G15/G25 CHEVY VAN,VAN - CARGO,4.3,6,A4,X,17.8,368
98,CHEVROLET,G15/G25 CHEVY VAN,VAN - CARGO,5.0,8,A4,X,18.2,373
99,CHEVROLET,G15/G25 CHEVY VAN,VAN - CARGO,5.7,8,A4,X,19.3,398
100,CHEVROLET,G1500/G2500 CHEVY EXPRESS,VAN - PASSENGER,4.3,6,A4,X,18.3,380
101,CHEVROLET,G1500/G2500 CHEVY EXPRESS,VAN - PASSENGER,5.0,8,A4,X,18.5,384
102,CHEVROLET,G1500/G2500 CHEVY EXPRESS,VAN - PASSENGER,5.7,8,A4,X,20.6,426
103,CHEVROLET,IMPALA,FULL-SIZE,3.4,6,A4,X,13.6,260
104,CHEVROLET,IMPALA,FULL-SIZE,3.8,6,A4,X,13.5,262
105,CHEVROLET,K1500 SILVERADO 4X4,PICKUP TRUCK - STANDARD,4.3,6,A4,X,17.0,350
106,CHEVROLET,K1500 SILVERADO 4X4,PICKUP TRUCK - STANDARD,4.3,6,M5,X,18.7,386
107,CHEVROLET,K1500 SILVERADO 4X4,PICKUP TRUCK - STANDARD,4.8,8,A4,X,17.3,366
108,CHEVROLET,K1500 SILVERADO 4X4,PICKUP TRUCK - STANDARD,4.8,8,M5,X,20.1,405
109,CHEVROLET,K1500 SILVERADO 4X4,PICKUP TRUCK - STANDARD,5.3,8,A4,X,18.0,377
110,CHEVROLET,K1500 TAHOE 4X4,SUV,5.7,8,A4,X,21.1,430
111,CHEVROLET,LUMINA/MONTE CARLO,MID-SIZE,3.4,6,A4,X,13.6,260
112,CHEVROLET,LUMINA/MONTE CARLO,MID-SIZE,3.8,6,A4,X,13.5,262
113,CHEVROLET,MALIBU,MID-SIZE,3.1,6,A4,X,13.1,255
114,CHEVROLET,METRO,SUBCOMPACT,1.0,3,M5,X,7.1,147
115,CHEVROLET,METRO,SUBCOMPACT,1.3,4,A3,X,9.1,191
116,CHEVROLET,METRO,SUBCOMPACT,1.3,4,M5,X,7.6,156
117,CHEVROLET,NEW C1500 SUBURBAN,SUV,5.3,8,A4,X,18.9,391
118,CHEVROLET,NEW C1500 TAHOE,SUV,4.8,8,A4,X,18.7,391
119,CHEVROLET,NEW C1500 TAHOE,SUV,5.3,8,A4,X,18.9,391
120,CHEVROLET,NEW K1500 TAHOE 4X4,SUV,4.8,8,A4,X,18.7,391
121,CHEVROLET,NEW K1500 TAHOE 4X4,SUV,5.3,8,A4,X,18.9,391
122,CHEVROLET,S10,PICKUP TRUCK - SMALL,2.2,4,A4,X,13.8,278
123,CHEVROLET,S10,PICKUP TRUCK - SMALL,2.2,4,M5,X,12.2,246
124,CHEVROLET,S10,PICKUP TRUCK - SMALL,4.3,6,A4,X,15.4,313
125,CHEVROLET,S10,PICKUP TRUCK - SMALL,4.3,6,M5,X,16.1,322
126,CHEVROLET,S10 4X4,PICKUP TRUCK - STANDARD,4.3,6,A4,X,16.8,345
127,CHEVROLET,S10 4X4,PICKUP TRUCK - STANDARD,4.3,6,M5,X,16.3,329
128,CHEVROLET,TRACKER 4X4,SUV,2.0,4,A4,X,11.7,251
129,CHEVROLET,TRACKER 4X4,SUV,2.0,4,M5,X,11.9,255
130,CHEVROLET,TRACKER CONVERTIBLE 4X4,SUV,1.6,4,M5,X,10.5,228
131,CHEVROLET,TRACKER CONVERTIBLE 4X4,SUV,2.0,4,A4,X,11.7,251
132,CHEVROLET,TRACKER CONVERTIBLE 4X4,SUV,2.0,4,M5,X,11.9,255
133,CHEVROLET,VENTURE,MINIVAN,3.4,6,A4,X,14.0,281
134,CHRYSLER,300M,FULL-SIZE,3.5,6,AS4,X,14.4,283
135,CHRYSLER,CIRRUS,MID-SIZE,2.4,4,A4,X,13.4,265
136,CHRYSLER,CIRRUS,MID-SIZE,2.5,6,A4,X,13.6,269
137,CHRYSLER,CONCORDE,FULL-SIZE,2.7,6,A4,X,13.2,260
138,CHRYSLER,CONCORDE,FULL-SIZE,3.2,6,A4,X,14.2,276
139,CHRYSLER,INTREPID,FULL-SIZE,2.7,6,A4,X,13.2,260
140,CHRYSLER,INTREPID,FULL-SIZE,2.7,6,AS4,X,13.2,258
141,CHRYSLER,INTREPID,FULL-SIZE,3.2,6,AS4,X,14.2,274
142,CHRYSLER,INTREPID,FULL-SIZE,3.5,6,AS4,X,14.4,283
143,CHRYSLER,LHS,FULL-SIZE,3.5,6,A4,X,14.7,288
144,CHRYSLER,NEON,COMPACT,2.0,4,A3,X,10.9,223
145,CHRYSLER,NEON,COMPACT,2.0,4,M5,X,9.6,198
146,CHRYSLER,PT CRUISER,SUBCOMPACT,2.4,4,A4,X,13.4,276
147,CHRYSLER,PT CRUISER,SUBCOMPACT,2.4,4,M5,X,13.2,269
148,CHRYSLER,SEBRING,COMPACT,2.5,6,A4,X,13.5,267
149,CHRYSLER,SEBRING CONVERTIBLE,COMPACT,2.5,6,A4,X,13.6,269
150,CHRYSLER,SEBRING CONVERTIBLE,COMPACT,2.5,6,AS4,X,14.7,288
151,CHRYSLER,TOWN & COUNTRY,MINIVAN,3.8,6,A4,X,15.2,304
152,CHRYSLER,TOWN & COUNTRY AWD,MINIVAN,3.8,6,A4,X,16.2,320
153,DAEWOO,LANOS,SUBCOMPACT,1.5,4,A4,X,11.3,216
154,DAEWOO,LANOS,SUBCOMPACT,1.5,4,M5,X,10.3,205
155,DAEWOO,LANOS,SUBCOMPACT,1.6,4,A4,X,11.6,225
156,DAEWOO,LANOS,SUBCOMPACT,1.6,4,M5,X,10.4,207
157,DAEWOO,LEGANZA,COMPACT,2.2,4,A4,X,13.4,265
158,DAEWOO,LEGANZA,COMPACT,2.2,4,M5,X,13.1,258
159,DAEWOO,NUBIRA,COMPACT,2.0,4,A4,X,12.0,239
160,DAEWOO,NUBIRA,COMPACT,2.0,4,M5,X,11.9,237
161,DAEWOO,NUBIRA WAGON,STATION WAGON - SMALL,2.0,4,A4,X,12.0,239
162,DAEWOO,NUBIRA WAGON,STATION WAGON - SMALL,2.0,4,M5,X,11.9,237
163,DODGE,CARAVAN,MINIVAN,3.0,6,A4,X,14.6,290
164,DODGE,CARAVAN,MINIVAN,3.3,6,A4,X,14.5,288
165,DODGE,CARAVAN,MINIVAN,3.8,6,A4,X,15.2,304
166,DODGE,CARAVAN FFV,MINIVAN,3.3,6,A4,X,14.5,288
167,DODGE,CARAVAN FFV,MINIVAN,3.3,6,A4,E,20.6,283
168,DODGE,DAKOTA,PICKUP TRUCK - STANDARD,3.9,6,A4,X,16.3,331
169,DODGE,DAKOTA,PICKUP TRUCK - STANDARD,3.9,6,M5,X,16.8,329
170,DODGE,DAKOTA,PICKUP TRUCK - STANDARD,4.7,8,A4,X,17.6,357
171,DODGE,DAKOTA,PICKUP TRUCK - STANDARD,4.7,8,M5,X,18.3,363
172,DODGE,DAKOTA,PICKUP TRUCK - STANDARD,5.9,8,A4,X,20.8,423
173,DODGE,DAKOTA 4X4,PICKUP TRUCK - STANDARD,3.9,6,A4,X,18.1,375
174,DODGE,DAKOTA 4X4,PICKUP TRUCK - STANDARD,3.9,6,M5,X,19.1,386
175,DODGE,DAKOTA 4X4,PICKUP TRUCK - STANDARD,4.7,8,A4,X,18.3,370
176,DODGE,DAKOTA 4X4,PICKUP TRUCK - STANDARD,4.7,8,M5,X,18.8,382
177,DODGE,DAKOTA 4X4,PICKUP TRUCK - STANDARD,5.9,8,A4,X,22.3,444
178,DODGE,DURANGO 4X4,SUV,4.7,8,A4,X,19.3,389
179,DODGE,DURANGO 4X4,SUV,5.9,8,A4,X,22.3,444
180,DODGE,DURANGO 5.9 R/T 4X4,SUV,5.9,8,A4,Z,22.3,444
181,DODGE,GRAND CARAVAN,MINIVAN,3.0,6,A4,X,14.6,290
182,DODGE,GRAND CARAVAN,MINIVAN,3.3,6,A4,X,14.5,288
183,DODGE,GRAND CARAVAN,MINIVAN,3.8,6,A4,X,15.2,304
184,DODGE,GRAND CARAVAN,MINIVAN,3.8,6,AS4,X,15.5,308
185,DODGE,GRAND CARAVAN AWD,MINIVAN,3.8,6,A4,X,16.2,320
186,DODGE,GRAND CARAVAN AWD,MINIVAN,3.8,6,AS4,X,16.4,324
187,DODGE,GRAND CARAVAN FFV,MINIVAN,3.3,6,A4,X,14.5,288
188,DODGE,GRAND CARAVAN FFV,MINIVAN,3.3,6,A4,E,20.6,283
189,DODGE,RAM 1500,PICKUP TRUCK - STANDARD,3.9,6,A4,X,17.3,350
190,DODGE,RAM 1500,PICKUP TRUCK - STANDARD,3.9,6,M5,X,17.4,345
191,DODGE,RAM 1500,PICKUP TRUCK - STANDARD,5.2,8,A4,X,20.0,396
192,DODGE,RAM 1500,PICKUP TRUCK - STANDARD,5.2,8,M5,X,20.2,396
193,DODGE,RAM 1500,PICKUP TRUCK - STANDARD,5.9,8,A4,X,21.5,416
194,DODGE,RAM 1500 4X4,PICKUP TRUCK - STANDARD,5.2,8,A4,X,21.6,435
195,DODGE,RAM 1500 4X4,PICKUP TRUCK - STANDARD,5.2,8,M5,X,22.1,437
196,DODGE,RAM 1500 4X4,PICKUP TRUCK - STANDARD,5.9,8,A4,X,21.6,426
197,DODGE,RAM 1500 VAN,VAN - CARGO,3.9,6,A3,X,17.6,377
198,DODGE,RAM 1500 VAN,VAN - CARGO,5.2,8,A4,X,19.6,386
199,DODGE,RAM 1500 VAN,VAN - CARGO,5.9,8,A4,X,20.8,423
200,DODGE,RAM 1500 WAGON,VAN - PASSENGER,3.9,6,A3,X,18.3,393
201,DODGE,RAM 1500 WAGON,VAN - PASSENGER,5.2,8,A4,X,20.0,393
202,DODGE,RAM 2500 VAN,VAN - CARGO,5.2,8,A4,X,20.0,393
203,DODGE,RAM 2500 VAN,VAN - CARGO,5.9,8,A4,X,21.5,416
204,DODGE,RAM 2500 VAN NGV,VAN - CARGO,5.2,8,A4,N,20.8,353
205,DODGE,RAM 2500 WAGON,VAN - PASSENGER,5.2,8,A4,X,21.8,444
206,DODGE,RAM 2500 WAGON,VAN - PASSENGER,5.9,8,A4,X,21.8,423
207,DODGE,VIPER GTS,SUBCOMPACT,8.0,10,M6,Z,21.4,396
208,DODGE,VIPER RT/10,SUBCOMPACT,8.0,10,M6,Z,21.4,396
209,FERRARI,360 MODENA F1,TWO-SEATER,3.6,8,AS6,Z,24.6,474
210,FERRARI,360 MODENA F1,TWO-SEATER,3.6,8,M6,Z,24.1,472
211,FERRARI,456 MGT,SUBCOMPACT,5.5,12,A4,Z,26.7,513
212,FERRARI,456 MGT,SUBCOMPACT,5.5,12,M6,Z,26.3,495
213,FERRARI,456 MGTA,SUBCOMPACT,5.5,12,A4,Z,26.7,513
214,FERRARI,456 MGTA,SUBCOMPACT,5.5,12,M6,Z,26.3,495
215,FERRARI,550 MARANELLO,SUBCOMPACT,5.5,12,M6,Z,30.2,582
216,FORD,COUGAR,COMPACT,2.0,4,M5,X,11.1,219
217,FORD,COUGAR,COMPACT,2.5,6,A4,X,13.1,260
218,FORD,COUGAR,COMPACT,2.5,6,M5,X,13.3,260
219,FORD,CROWN VICTORIA,FULL-SIZE,4.6,8,A4,X,15.1,299
220,FORD,E150 CLUB WAGON,VAN - PASSENGER,4.2,6,A4,X,19.1,393
221,FORD,E150 CLUB WAGON,VAN - PASSENGER,4.6,8,A4,X,18.8,382
222,FORD,E150 CLUB WAGON,VAN - PASSENGER,5.4,8,A4,X,19.9,403
223,FORD,E150 VAN,VAN - CARGO,4.2,6,A4,X,19.0,389
224,FORD,E150 VAN,VAN - CARGO,4.6,8,A4,X,17.8,359
225,FORD,E150 VAN,VAN - CARGO,5.4,8,A4,X,17.9,363
226,FORD,E250 VAN,VAN - CARGO,4.2,6,A4,X,19.1,391
227,FORD,E250 VAN,VAN - CARGO,5.4,8,A4,X,20.2,403
228,FORD,ESCORT ZX2,COMPACT,2.0,4,A4,X,10.6,216
229,FORD,ESCORT ZX2,COMPACT,2.0,4,M5,X,10.6,216
230,FORD,EXPEDITION,SUV,4.6,8,A4,X,17.8,359
231,FORD,EXPEDITION,SUV,5.4,8,A4,X,20.2,403
232,FORD,EXPEDITION 4X4,SUV,4.6,8,A4,X,19.3,391
233,FORD,EXPEDITION 4X4,SUV,5.4,8,A4,X,21.1,426
234,FORD,EXPLORER,SUV,4.0,6,M5,X,14.9,304
235,FORD,EXPLORER,SUV,5.0,8,A4,X,18.4,368
236,FORD,EXPLORER 4X4,SUV,4.0,6,M5,X,16.4,336
237,FORD,EXPLORER 4X4,SUV,5.0,8,A4,X,18.7,373
238,FORD,EXPLORER OHV,SUV,4.0,6,A5,X,17.1,357
239,FORD,EXPLORER OHV 4X4,SUV,4.0,6,A5,X,17.3,352
240,FORD,EXPLORER SOHC,SUV,4.0,6,A5,X,16.5,336
241,FORD,EXPLORER SOHC 4X4,SUV,4.0,6,A5,X,16.7,343
242,FORD,F150,PICKUP TRUCK - STANDARD,4.2,6,A4,X,16.7,340
243,FORD,F150,PICKUP TRUCK - STANDARD,4.2,6,M5,X,16.3,334
244,FORD,F150,PICKUP TRUCK - STANDARD,4.6,8,A4,X,17.0,345
245,FORD,F150,PICKUP TRUCK - STANDARD,4.6,8,M5,X,17.8,354
246,FORD,F150,PICKUP TRUCK - STANDARD,5.4,8,A4,X,17.9,363
247,FORD,F150 4X4,PICKUP TRUCK - STANDARD,4.2,6,A4,X,17.3,359
248,FORD,F150 4X4,PICKUP TRUCK - STANDARD,4.2,6,M5,X,18.0,373
249,FORD,F150 4X4,PICKUP TRUCK - STANDARD,4.6,8,A4,X,18.5,380
250,FORD,F150 4X4,PICKUP TRUCK - STANDARD,4.6,8,M5,X,18.8,380
251,FORD,F150 4X4,PICKUP TRUCK - STANDARD,5.4,8,A4,X,20.7,423
252,FORD,FOCUS SEDAN,COMPACT,2.0,4,A4,X,10.8,221
253,FORD,FOCUS SEDAN,COMPACT,2.0,4,M5,X,10.8,216
254,FORD,FOCUS WAGON,STATION WAGON - MID-SIZE,2.0,4,A4,X,10.6,219
255,FORD,FOCUS WAGON,STATION WAGON - MID-SIZE,2.0,4,M5,X,10.9,216
256,FORD,GRAND MARQUIS,FULL-SIZE,4.6,8,A4,X,15.0,297
257,FORD,MUSTANG,SUBCOMPACT,3.8,6,A4,X,13.4,267
258,FORD,MUSTANG,SUBCOMPACT,3.8,6,M5,X,13.6,267
259,FORD,MUSTANG,SUBCOMPACT,4.6,8,A4,X,15.1,301
260,FORD,MUSTANG,SUBCOMPACT,4.6,8,M5,X,15.4,304
261,FORD,MUSTANG #,SUBCOMPACT,4.6,8,M5,X,15.7,308
262,FORD,RANGER,PICKUP TRUCK - STANDARD,3.0,6,A4,X,15.7,315
263,FORD,RANGER,PICKUP TRUCK - STANDARD,3.0,6,M5,X,16.2,322
264,FORD,RANGER,PICKUP TRUCK - STANDARD,4.0,6,A5,X,17.0,354
265,FORD,RANGER,PICKUP TRUCK - STANDARD,4.0,6,M5,X,14.9,306
266,FORD,RANGER 4X4,PICKUP TRUCK - STANDARD,3.0,6,A4,X,16.4,336
267,FORD,RANGER 4X4,PICKUP TRUCK - STANDARD,3.0,6,M5,X,15.5,320
268,FORD,RANGER 4X4,PICKUP TRUCK - STANDARD,4.0,6,A5,X,17.3,357
269,FORD,RANGER 4X4,PICKUP TRUCK - STANDARD,4.0,6,M5,X,16.5,340
270,FORD,TAURUS,MID-SIZE,3.0,6,A4,X,13.6,267
271,FORD,TAURUS #,MID-SIZE,3.0,6,A4,X,13.5,265
272,FORD,TAURUS WAGON,STATION WAGON - MID-SIZE,3.0,6,A4,X,14.2,278
273,FORD,TAURUS WAGON #,STATION WAGON - MID-SIZE,3.0,6,A4,X,14.0,276
274,FORD,WINDSTAR VAN,VAN - CARGO,3.0,6,A4,X,15.6,311
275,FORD,WINDSTAR VAN,VAN - CARGO,3.8,6,A4,X,14.9,304
276,FORD,WINDSTAR WAGON,MINIVAN,3.0,6,A4,X,15.6,311
277,FORD,WINDSTAR WAGON,MINIVAN,3.8,6,A4,X,15.5,311
278,GMC,C1500 SIERRA,PICKUP TRUCK - STANDARD,4.3,6,A4,X,17.7,368
279,GMC,C1500 SIERRA,PICKUP TRUCK - STANDARD,4.3,6,M5,X,18.5,384
280,GMC,C1500 SIERRA,PICKUP TRUCK - STANDARD,4.8,8,A4,X,16.3,334
281,GMC,C1500 SIERRA,PICKUP TRUCK - STANDARD,4.8,8,M5,X,18.9,373
282,GMC,C1500 SIERRA,PICKUP TRUCK - STANDARD,5.3,8,A4,X,16.7,343
283,GMC,C1500 YUKON,SUV,4.8,8,A4,X,18.7,391
284,GMC,C1500 YUKON,SUV,5.3,8,A4,X,18.9,391
285,GMC,C1500 YUKON XL,SUV,5.3,8,A4,X,18.9,391
286,GMC,C2500 SIERRA,PICKUP TRUCK - STANDARD,5.3,8,A4,X,17.9,373
287,GMC,C2500 SIERRA,PICKUP TRUCK - STANDARD,6.0,8,A4,X,21.4,435
288,GMC,G15/G25 SAVANA CARGO,VAN - CARGO,4.3,6,A4,X,17.8,368
289,GMC,G15/G25 SAVANA CARGO,VAN - CARGO,5.0,8,A4,X,18.2,373
290,GMC,G15/G25 SAVANA CARGO,VAN - CARGO,5.7,8,A4,X,19.1,396
291,GMC,G1500/G2500 SAVANA PASSENGER,VAN - PASSENGER,4.3,6,A4,X,18.3,380
292,GMC,G1500/G2500 SAVANA PASSENGER,VAN - PASSENGER,5.0,8,A4,X,18.3,377
293,GMC,G1500/G2500 SAVANA PASSENGER,VAN - PASSENGER,5.7,8,A4,X,20.6,426
294,GMC,JIMMY,SUV,4.3,6,A4,X,16.2,336
295,GMC,JIMMY,SUV,4.3,6,M5,X,16.3,327
296,GMC,JIMMY 4X4,SUV,4.3,6,A4,X,17.0,350
297,GMC,JIMMY 4X4,SUV,4.3,6,M5,X,18.7,386
298,GMC,K1500 SIERRA 4X4,PICKUP TRUCK - STANDARD,4.3,6,A4,X,17.0,350
299,GMC,K1500 SIERRA 4X4,PICKUP TRUCK - STANDARD,4.3,6,M5,X,18.7,386
300,GMC,K1500 SIERRA 4X4,PICKUP TRUCK - STANDARD,4.8,8,A4,X,17.3,366
301,GMC,K1500 SIERRA 4X4,PICKUP TRUCK - STANDARD,4.8,8,M5,X,20.2,407
302,GMC,K1500 SIERRA 4X4,PICKUP TRUCK - STANDARD,5.3,8,A4,X,18.0,377
303,GMC,K1500 YUKON 4X4,SUV,4.8,8,A4,X,18.7,391
304,GMC,K1500 YUKON 4X4,SUV,5.3,8,A4,X,18.9,391
305,GMC,K1500 YUKON 4X4,SUV,5.7,8,A4,X,21.2,430
306,GMC,SAFARI CARGO,VAN - CARGO,4.3,6,A4,X,16.2,336
307,GMC,SAFARI CARGO AWD,VAN - CARGO,4.3,6,A4,X,17.0,350
308,GMC,SAFARI PASSENGER,VAN - PASSENGER,4.3,6,A4,X,17.7,368
309,GMC,SAFARI PASSENGER AWD,VAN - PASSENGER,4.3,6,A4,X,17.4,359
310,GMC,SONOMA,PICKUP TRUCK - SMALL,2.2,4,A4,X,13.8,278
311,GMC,SONOMA,PICKUP TRUCK - SMALL,2.2,4,M5,X,12.2,246
312,GMC,SONOMA,PICKUP TRUCK - SMALL,4.3,6,A4,X,15.4,313
313,GMC,SONOMA,PICKUP TRUCK - SMALL,4.3,6,M5,X,16.2,322
314,GMC,SONOMA 4X4,PICKUP TRUCK - STANDARD,4.3,6,A4,X,16.8,345
315,GMC,SONOMA 4X4,PICKUP TRUCK - STANDARD,4.3,6,M5,X,16.3,329
316,HONDA,ACCORD,MID-SIZE,3.0,6,A4,X,13.0,260
317,HONDA,ACCORD DX,MID-SIZE,2.3,4,A4,X,12.2,246
318,HONDA,ACCORD DX,MID-SIZE,2.3,4,M5,X,11.5,235
319,HONDA,ACCORD EX/LX,MID-SIZE,2.3,4,A4,X,11.8,237
320,HONDA,ACCORD EX/LX,MID-SIZE,2.3,4,M5,X,10.8,221
321,HONDA,CIVIC COUPE Si,SUBCOMPACT,1.6,4,A4,X,10.5,216
322,HONDA,CIVIC COUPE Si,SUBCOMPACT,1.6,4,M5,X,9.8,205
323,HONDA,CIVIC COUPE SiR,SUBCOMPACT,1.6,4,M5,Z,10.9,223
324,HONDA,CIVIC CX/DX/LX/EX,SUBCOMPACT,1.6,4,A4,X,10.0,202
325,HONDA,CIVIC CX/DX/LX/EX,SUBCOMPACT,1.6,4,M5,X,8.8,184
326,HONDA,CR-V,SUV,2.0,4,A4,X,12.5,267
327,HONDA,CR-V,SUV,2.0,4,M5,X,12.5,267
328,HONDA,INSIGHT,SUBCOMPACT,1.0,3,M5,X,4.9,104
329,HONDA,ODYSSEY,MINIVAN,3.5,6,A4,X,14.9,292
330,HONDA,PRELUDE,SUBCOMPACT,2.2,4,AS4,Z,12.7,260
331,HONDA,PRELUDE,SUBCOMPACT,2.2,4,M5,Z,12.0,251
332,HONDA,S2000,SUBCOMPACT,2.0,4,M6,Z,13.1,269
333,HYUNDAI,ACCENT,COMPACT,1.5,4,A4,X,10.5,209
334,HYUNDAI,ACCENT,COMPACT,1.5,4,M5,X,9.7,198
335,HYUNDAI,ELANTRA,COMPACT,2.0,4,A4,X,12.2,242
336,HYUNDAI,ELANTRA,COMPACT,2.0,4,M5,X,11.3,223
337,HYUNDAI,ELANTRA WAGON,STATION WAGON - SMALL,2.0,4,A4,X,12.5,248
338,HYUNDAI,ELANTRA WAGON,STATION WAGON - SMALL,2.0,4,M5,X,11.4,228
339,HYUNDAI,SONATA 2.4L,MID-SIZE,2.4,4,A4,X,13.0,260
340,HYUNDAI,SONATA 2.5L,MID-SIZE,2.5,6,A4,X,13.2,262
341,HYUNDAI,TIBURON,SUBCOMPACT,2.0,4,A4,X,12.2,244
342,HYUNDAI,TIBURON,SUBCOMPACT,2.0,4,M5,X,11.4,228
343,INFINITI,G20,COMPACT,2.0,4,A4,X,11.6,235
344,INFINITI,G20,COMPACT,2.0,4,M5,X,11.4,230
345,INFINITI,I30,MID-SIZE,3.0,6,A4,X,13.4,265
346,INFINITI,QX4 4X4,SUV,3.3,6,A4,X,17.7,366
347,ISUZU,HOMBRE,PICKUP TRUCK - SMALL,2.2,4,A4,X,13.8,278
348,ISUZU,HOMBRE,PICKUP TRUCK - SMALL,2.2,4,M5,X,12.2,246
349,ISUZU,HOMBRE,PICKUP TRUCK - SMALL,4.3,6,A4,X,15.4,313
350,ISUZU,HOMBRE 4X4,PICKUP TRUCK - STANDARD,4.3,6,A4,X,16.8,345
351,ISUZU,RODEO 4X4,SUV,3.2,6,A4,X,16.6,340
352,ISUZU,RODEO 4X4,SUV,3.2,6,M5,X,16.8,347
353,ISUZU,TROOPER 4X4,SUV,3.5,6,A4,X,17.8,366
354,ISUZU,TROOPER 4X4,SUV,3.5,6,M5,X,17.9,368
355,JAGUAR,S-TYPE V6,MID-SIZE,3.0,6,A5,Z,14.8,290
356,JAGUAR,S-TYPE V8,MID-SIZE,4.0,8,A5,Z,15.3,308
357,JAGUAR,VANDEN PLAS,MID-SIZE,4.0,8,A5,Z,15.5,306
358,JAGUAR,VANDEN PLAS SUPERCHARGED,MID-SIZE,4.0,8,A5,Z,16.6,331
359,JAGUAR,XJ8,COMPACT,4.0,8,A5,Z,15.5,306
360,JAGUAR,XJR #,COMPACT,4.0,8,A5,Z,16.5,331
361,JAGUAR,XK8,SUBCOMPACT,4.0,8,A5,Z,15.4,304
362,JAGUAR,XK8 CONVERTIBLE,MINICOMPACT,4.0,8,A5,Z,15.5,306
363,JAGUAR,XKR #,SUBCOMPACT,4.0,8,A5,Z,15.7,313
364,JAGUAR,XKR CONVERTIBLE #,MINICOMPACT,4.0,8,A5,Z,16.3,324
365,JEEP,CHEROKEE 4X4,SUV,4.0,6,A4,X,16.6,338
366,JEEP,CHEROKEE 4X4,SUV,4.0,6,M5,X,15.4,317
367,JEEP,GRAND CHEROKEE 4X4,SUV,4.0,6,A4,X,16.5,336
368,JEEP,GRAND CHEROKEE 4X4,SUV,4.7,8,A4,X,18.0,363
369,JEEP,TJ 4X4,SUV,2.5,4,A3,X,16.6,357
370,JEEP,TJ 4X4,SUV,2.5,4,M5,X,14.7,315
371,JEEP,TJ 4X4,SUV,4.0,6,A3,X,17.3,368
372,JEEP,TJ 4X4,SUV,4.0,6,M5,X,16.7,347
373,KIA,SEPHIA,COMPACT,1.8,4,A4,X,11.7,235
374,KIA,SEPHIA,COMPACT,1.8,4,M5,X,11.2,237
375,KIA,SPORTAGE 4X4,SUV,2.0,4,A4,X,13.4,294
376,KIA,SPORTAGE 4X4,SUV,2.0,4,M5,X,12.8,288
377,LAND ROVER,DISCOVERY SERIES II 4X4,SUV,4.0,8,A4,Z,19.6,403
378,LAND ROVER,DISCOVERY SERIES II 4X4,SUV,4.0,8,A4,Z,19.6,403
379,LAND ROVER,RANGE ROVER 4X4,SUV,4.0,8,A4,Z,19.6,403
380,LAND ROVER,RANGE ROVER 4X4,SUV,4.6,8,A4,Z,22.1,458
381,LEXUS,ES 300,COMPACT,3.0,6,A4,X,13.8,276
382,LEXUS,GS 300,MID-SIZE,3.0,6,A5,Z,13.7,281
383,LEXUS,GS 400,MID-SIZE,4.0,8,A5,Z,15.0,299
384,LEXUS,LS 400,MID-SIZE,4.0,8,A5,Z,14.3,285
385,LEXUS,LX 470,SUV,4.7,8,A4,X,19.4,405
386,LEXUS,RX 300,SUV,3.0,6,A4,X,14.2,292
387,LEXUS,RX 300 4X4,SUV,3.0,6,A4,X,14.4,299
388,LINCOLN,CONTINENTAL,FULL-SIZE,4.6,8,A4,Z,15.2,297
389,LINCOLN,LS,MID-SIZE,3.0,6,A5,X,15.4,304
390,LINCOLN,LS,MID-SIZE,3.0,6,M5,X,15.5,304
391,LINCOLN,LS,MID-SIZE,3.9,8,A5,X,15.9,313
392,LINCOLN,NAVIGATOR 4X4,SUV,5.4,8,A4,Z,21.4,430
393,LINCOLN,TOWN CAR,FULL-SIZE,4.6,8,A4,X,15.3,304
394,MAZDA,626,MID-SIZE,2.0,4,A4,X,12.7,258
395,MAZDA,626,MID-SIZE,2.0,4,M5,X,10.6,219
396,MAZDA,626,MID-SIZE,2.5,6,A4,Z,13.7,278
397,MAZDA,626,MID-SIZE,2.5,6,M5,Z,13.3,271
398,MAZDA,B3000,PICKUP TRUCK - STANDARD,3.0,6,A4,X,15.6,313
399,MAZDA,B3000,PICKUP TRUCK - STANDARD,3.0,6,M5,X,16.2,322
400,MAZDA,B4000,PICKUP TRUCK - STANDARD,4.0,6,A5,X,17.1,357
401,MAZDA,B4000,PICKUP TRUCK - STANDARD,4.0,6,M5,X,15.5,320
402,MAZDA,B4000 4X4,PICKUP TRUCK - STANDARD,4.0,6,A5,X,17.2,354
403,MAZDA,B4000 4X4,PICKUP TRUCK - STANDARD,4.0,6,M5,X,16.5,343
404,MAZDA,MILLENIA,COMPACT,2.5,6,A4,Z,13.8,276
405,MAZDA,MILLENIA #,COMPACT,2.3,6,A4,Z,13.7,271
406,MAZDA,MPV,MINIVAN,2.5,6,A4,X,15.2,313
407,MAZDA,MX-5 MIATA,SUBCOMPACT,1.8,4,A4,X,11.9,244
408,MAZDA,MX-5 MIATA,SUBCOMPACT,1.8,4,M5,X,11.1,230
409,MAZDA,MX-5 MIATA,SUBCOMPACT,1.8,4,M6,X,11.5,239
410,MAZDA,PROTEGE,COMPACT,1.6,4,A4,X,10.6,221
411,MAZDA,PROTEGE,COMPACT,1.6,4,M5,X,9.8,207
412,MAZDA,PROTEGE,COMPACT,1.8,4,A4,X,11.2,230
413,MAZDA,PROTEGE,COMPACT,1.8,4,M5,X,10.2,212
414,MERCEDES-BENZ,C 230 KOMPRESSOR #,COMPACT,2.3,4,A5,Z,12.5,251
415,MERCEDES-BENZ,C 280,COMPACT,2.8,6,A5,Z,12.7,258
416,MERCEDES-BENZ,C 43 AMG,COMPACT,4.3,8,A5,Z,14.7,304
417,MERCEDES-BENZ,CLK 320,SUBCOMPACT,3.2,6,A5,Z,12.9,255
418,MERCEDES-BENZ,CLK 320 CABRIOLET,MINICOMPACT,3.2,6,A5,Z,13.6,269
419,MERCEDES-BENZ,CLK 430,SUBCOMPACT,4.3,8,A5,Z,14.4,290
420,MERCEDES-BENZ,CLK 430 CABRIOLET,MINICOMPACT,4.3,8,A5,Z,15.2,304
421,MERCEDES-BENZ,E 320,MID-SIZE,3.2,6,A5,Z,12.9,253
422,MERCEDES-BENZ,E 320 4MATIC,MID-SIZE,3.2,6,A5,Z,13.1,262
423,MERCEDES-BENZ,E 320 4MATIC WAGON,STATION WAGON - MID-SIZE,3.2,6,A5,Z,13.5,274
424,MERCEDES-BENZ,E 320 WAGON,STATION WAGON - MID-SIZE,3.2,6,A5,Z,13.2,267
425,MERCEDES-BENZ,E 430,MID-SIZE,4.3,8,A5,Z,14.6,292
426,MERCEDES-BENZ,E 430 4MATIC,MID-SIZE,4.3,8,A5,Z,15.1,306
427,MERCEDES-BENZ,E 55 AMG,MID-SIZE,5.5,8,A5,Z,16.0,317
428,MERCEDES-BENZ,ML 320,SUV,3.2,6,A5,Z,16.1,336
429,MERCEDES-BENZ,ML 430,SUV,4.3,8,A5,Z,17.0,354
430,MERCEDES-BENZ,S 430,FULL-SIZE,4.3,8,A5,Z,15.3,304
431,MERCEDES-BENZ,S 500,FULL-SIZE,5.0,8,A5,Z,16.1,320
432,MERCEDES-BENZ,SL 500,SUBCOMPACT,5.0,8,A5,Z,16.3,322
433,MERCEDES-BENZ,SL 600,SUBCOMPACT,6.0,12,A5,Z,20.1,393
434,MERCEDES-BENZ,SLK 230 KOMPRESSOR #,SUBCOMPACT,2.3,4,A5,Z,12.0,242
435,MERCEDES-BENZ,SLK 230 KOMPRESSOR #,SUBCOMPACT,2.3,4,M5,Z,12.6,246
436,NISSAN,ALTIMA,COMPACT,2.4,4,A4,X,12.8,258
437,NISSAN,ALTIMA,COMPACT,2.4,4,M5,X,11.6,235
438,NISSAN,FRONTIER,PICKUP TRUCK - STANDARD,2.4,4,A4,X,13.5,283
439,NISSAN,FRONTIER,PICKUP TRUCK - STANDARD,2.4,4,M5,X,12.1,255
440,NISSAN,FRONTIER 4X4,PICKUP TRUCK - STANDARD,2.4,4,M5,X,14.9,313
441,NISSAN,FRONTIER V6,PICKUP TRUCK - STANDARD,3.3,6,A4,X,16.8,350
442,NISSAN,FRONTIER V6,PICKUP TRUCK - STANDARD,3.3,6,M5,X,16.1,345
443,NISSAN,FRONTIER V6 4X4,PICKUP TRUCK - STANDARD,3.3,6,A4,X,17.3,361
444,NISSAN,FRONTIER V6 4X4,PICKUP TRUCK - STANDARD,3.3,6,M5,X,16.2,350
445,NISSAN,MAXIMA,MID-SIZE,3.0,6,A4,X,13.4,265
446,NISSAN,MAXIMA,MID-SIZE,3.0,6,M5,X,12.3,253
447,NISSAN,PATHFINDER 4X4,SUV,3.3,6,A4,X,17.3,361
448,NISSAN,PATHFINDER 4X4,SUV,3.3,6,M5,X,16.5,357
449,NISSAN,QUEST,MINIVAN,3.3,6,A4,X,15.5,306
450,NISSAN,XTERRA,SUV,2.4,4,M5,X,14.2,292
451,NISSAN,XTERRA V6,SUV,3.3,6,A4,X,16.5,343
452,NISSAN,XTERRA V6,SUV,3.3,6,M5,X,15.9,338
453,NISSAN,XTERRA V6 4X4,SUV,3.3,6,A4,X,17.3,361
454,NISSAN,XTERRA V6 4X4,SUV,3.3,6,M5,X,16.2,350
455,OLDSMOBILE,ALERO,COMPACT,2.4,4,A4,X,12.1,242
456,OLDSMOBILE,ALERO,COMPACT,2.4,4,M5,X,12.5,244
457,OLDSMOBILE,ALERO,COMPACT,3.4,6,A4,X,13.6,262
458,OLDSMOBILE,INTRIGUE,MID-SIZE,3.5,6,A4,X,14.7,283
459,OLDSMOBILE,SILHOUETTE,MINIVAN,3.4,6,A4,X,14.0,281
460,PLYMOUTH,PROWLER,SUBCOMPACT,3.5,6,AS4,Z,15.4,308
461,PONTIAC,BONNEVILLE,FULL-SIZE,3.8,6,A4,X,14.4,276
462,PONTIAC,BONNEVILLE #,FULL-SIZE,3.8,6,A4,Z,15.1,290
463,PONTIAC,FIREBIRD/FORMULA,SUBCOMPACT,3.8,6,A4,X,13.9,269
464,PONTIAC,FIREBIRD/FORMULA,SUBCOMPACT,3.8,6,M5,X,13.8,265
465,PONTIAC,FIREBIRD/FORMULA,SUBCOMPACT,5.7,8,A4,Z,14.9,299
466,PONTIAC,FIREBIRD/FORMULA,SUBCOMPACT,5.7,8,M6,Z,14.9,290
467,PONTIAC,FIREFLY,SUBCOMPACT,1.0,3,M5,X,7.1,147
468,PONTIAC,FIREFLY,SUBCOMPACT,1.3,4,A3,X,9.1,191
469,PONTIAC,FIREFLY,SUBCOMPACT,1.3,4,M5,X,7.6,156
470,PONTIAC,GRAND AM,COMPACT,2.4,4,A4,X,12.1,242
471,PONTIAC,GRAND AM,COMPACT,2.4,4,M5,X,12.5,244
472,PONTIAC,GRAND AM,COMPACT,3.4,6,A4,X,13.6,262
473,PONTIAC,GRAND PRIX,MID-SIZE,3.1,6,A4,X,13.1,255
474,PONTIAC,GRAND PRIX,MID-SIZE,3.8,6,A4,X,13.5,262
475,PONTIAC,GRAND PRIX #,MID-SIZE,3.8,6,A4,Z,15.0,288
476,PONTIAC,MONTANA,MINIVAN,3.4,6,A4,X,14.0,281
477,PONTIAC,SUNFIRE,SUBCOMPACT,2.2,4,A3,X,11.8,242
478,PONTIAC,SUNFIRE,SUBCOMPACT,2.2,4,A4,X,11.6,232
479,PONTIAC,SUNFIRE,SUBCOMPACT,2.2,4,M5,X,12.2,235
480,PONTIAC,SUNFIRE,SUBCOMPACT,2.4,4,A4,X,12.5,248
481,PONTIAC,SUNFIRE,SUBCOMPACT,2.4,4,M5,X,12.1,235
482,PORSCHE,911 CARRERA,MINICOMPACT,3.4,6,AS5,Z,16.0,308
483,PORSCHE,911 CARRERA,MINICOMPACT,3.4,6,M6,Z,15.4,301
484,PORSCHE,911 CARRERA 4,MINICOMPACT,3.4,6,AS5,Z,16.0,313
485,PORSCHE,911 CARRERA 4,MINICOMPACT,3.4,6,M6,Z,15.7,311
486,PORSCHE,BOXSTER,TWO-SEATER,2.7,6,AS5,Z,15.3,301
487,PORSCHE,BOXSTER,TWO-SEATER,2.7,6,M5,Z,15.0,297
488,PORSCHE,BOXSTER S,TWO-SEATER,3.2,6,AS5,Z,15.9,311
489,PORSCHE,BOXSTER S,TWO-SEATER,3.2,6,M6,Z,15.0,294
490,SAAB,9-3 TURBO,MID-SIZE,2.0,4,A4,X,13.4,274
491,SAAB,9-3 TURBO,MID-SIZE,2.0,4,M5,X,12.9,255
492,SAAB,9-3 TURBO,MID-SIZE,2.3,4,M5,X,13.1,258
493,SAAB,9-5 TURBO,FULL-SIZE,2.3,4,A4,X,13.9,276
494,SAAB,9-5 TURBO,FULL-SIZE,2.3,4,M5,X,13.2,260
495,SAAB,9-5 TURBO,FULL-SIZE,3.0,6,A4,X,14.3,283
496,SAAB,9-5 WAGON TURBO,STATION WAGON - MID-SIZE,2.3,4,A4,X,13.9,276
497,SAAB,9-5 WAGON TURBO,STATION WAGON - MID-SIZE,2.3,4,M5,X,13.2,260
498,SAAB,9-5 WAGON TURBO,STATION WAGON - MID-SIZE,3.0,6,A4,X,14.3,283
499,SATURN,LS,MID-SIZE,2.2,4,A4,X,11.9,239
500,SATURN,LS,MID-SIZE,2.2,4,M5,X,12.2,235
501,SATURN,LS,MID-SIZE,3.0,6,A4,X,13.3,269
502,SATURN,LW WAGON,STATION WAGON - MID-SIZE,2.2,4,A4,X,12.1,244
503,SATURN,LW WAGON,STATION WAGON - MID-SIZE,3.0,6,A4,X,13.3,269
504,SATURN,SC,SUBCOMPACT,1.9,4,A4,X,10.1,200
505,SATURN,SC,SUBCOMPACT,1.9,4,M5,X,9.8,191
506,SATURN,SC #,SUBCOMPACT,1.9,4,A4,X,10.6,207
507,SATURN,SC #,SUBCOMPACT,1.9,4,M5,X,10.3,202
508,SATURN,SL,COMPACT,1.9,4,A4,X,10.1,198
509,SATURN,SL,COMPACT,1.9,4,M5,X,9.3,184
510,SATURN,SL #,COMPACT,1.9,4,A4,X,10.6,207
511,SATURN,SL #,COMPACT,1.9,4,M5,X,10.3,202
512,SATURN,SW WAGON #,STATION WAGON - SMALL,1.9,4,A4,X,10.6,207
513,SATURN,SW WAGON #,STATION WAGON - SMALL,1.9,4,M5,X,10.3,202
514,SUBARU,FORESTER AWD,SUV,2.5,4,A4,X,12.2,246
515,SUBARU,FORESTER AWD,SUV,2.5,4,M5,X,12.5,248
516,SUBARU,IMPREZA AWD,SUBCOMPACT,2.2,4,A4,X,11.7,239
517,SUBARU,IMPREZA AWD,SUBCOMPACT,2.2,4,M5,X,11.8,242
518,SUBARU,IMPREZA AWD,SUBCOMPACT,2.5,4,A4,X,11.8,244
519,SUBARU,IMPREZA AWD,SUBCOMPACT,2.5,4,M5,X,12.8,258
520,SUBARU,IMPREZA WAGON AWD,STATION WAGON - SMALL,2.2,4,A4,X,11.7,239
521,SUBARU,IMPREZA WAGON AWD,STATION WAGON - SMALL,2.2,4,M5,X,11.8,242
522,SUBARU,LEGACY AWD,COMPACT,2.5,4,A4,X,12.2,253
523,SUBARU,LEGACY AWD,COMPACT,2.5,4,M5,X,12.5,253
524,SUBARU,LEGACY WAGON AWD,STATION WAGON - MID-SIZE,2.5,4,A4,X,12.2,255
525,SUBARU,LEGACY WAGON AWD,STATION WAGON - MID-SIZE,2.5,4,M5,X,12.5,253
526,SUZUKI,ESTEEM,SUBCOMPACT,1.6,4,A4,X,9.9,205
527,SUZUKI,ESTEEM,SUBCOMPACT,1.6,4,M5,X,8.8,182
528,SUZUKI,ESTEEM WAGON,STATION WAGON - SMALL,1.8,4,A4,X,10.3,209
529,SUZUKI,ESTEEM WAGON,STATION WAGON - SMALL,1.8,4,M5,X,9.6,196
530,SUZUKI,GRAND VITARA 4X4,SUV,2.5,6,A4,X,14.2,304
531,SUZUKI,GRAND VITARA 4X4,SUV,2.5,6,M5,X,13.8,294
532,SUZUKI,SWIFT,SUBCOMPACT,1.3,4,A3,X,9.1,191
533,SUZUKI,SWIFT,SUBCOMPACT,1.3,4,M5,X,7.6,156
534,SUZUKI,VITARA 4X4,SUV,2.0,4,A4,X,11.7,251
535,SUZUKI,VITARA 4X4,SUV,2.0,4,M5,X,11.8,253
536,SUZUKI,VITARA CONVERTIBLE 4X4,SUV,1.6,4,M5,X,10.5,228
537,SUZUKI,VITARA CONVERTIBLE 4X4,SUV,2.0,4,A4,X,11.7,253
538,SUZUKI,VITARA CONVERTIBLE 4X4,SUV,2.0,4,M5,X,11.8,255
539,TOYOTA,4RUNNER 4X4,SUV,2.7,4,A4,X,14.2,301
540,TOYOTA,4RUNNER 4X4,SUV,2.7,4,M5,X,15.4,320
541,TOYOTA,4RUNNER 4X4,SUV,3.4,6,A4,X,15.7,334
542,TOYOTA,4RUNNER 4X4,SUV,3.4,6,M5,X,15.7,331
543,TOYOTA,AVALON,FULL-SIZE,3.0,6,A4,X,12.7,251
544,TOYOTA,CAMRY,MID-SIZE,2.2,4,A4,X,11.8,239
545,TOYOTA,CAMRY,MID-SIZE,2.2,4,M5,X,11.4,228
546,TOYOTA,CAMRY,MID-SIZE,3.0,6,A4,X,13.4,267
547,TOYOTA,CAMRY SOLARA,COMPACT,2.2,4,A4,X,11.8,239
548,TOYOTA,CAMRY SOLARA,COMPACT,3.0,6,A4,X,13.4,267
549,TOYOTA,CAMRY SOLARA,COMPACT,3.0,6,M5,X,12.7,253
550,TOYOTA,CAMRY SOLARA CONVERTIBLE,SUBCOMPACT,3.0,6,A4,X,14.0,278
551,TOYOTA,CELICA,SUBCOMPACT,1.8,4,A4,X,10.1,205
552,TOYOTA,CELICA,SUBCOMPACT,1.8,4,AS4,Z,11.6,237
553,TOYOTA,CELICA,SUBCOMPACT,1.8,4,M5,X,10.0,209
554,TOYOTA,CELICA,SUBCOMPACT,1.8,4,M6,Z,11.6,230
555,TOYOTA,COROLLA,COMPACT,1.8,4,A4,X,9.3,189
556,TOYOTA,COROLLA,COMPACT,1.8,4,M5,X,8.7,179
557,TOYOTA,ECHO,COMPACT,1.5,4,A4,X,8.6,179
558,TOYOTA,ECHO,COMPACT,1.5,4,M5,X,8.2,173
559,TOYOTA,RAV4,SUV,2.0,4,A4,X,11.3,235
560,TOYOTA,RAV4,SUV,2.0,4,M5,X,11.2,232
561,TOYOTA,RAV4 4X4,SUV,2.0,4,A4,X,12.2,258
562,TOYOTA,RAV4 4X4,SUV,2.0,4,M5,X,12.1,258
563,TOYOTA,RAV4 SOFT TOP,SUV,2.0,4,A4,X,11.3,235
564,TOYOTA,RAV4 SOFT TOP,SUV,2.0,4,M5,X,11.2,232
565,TOYOTA,RAV4 SOFT TOP 4X4,SUV,2.0,4,A4,X,11.8,251
566,TOYOTA,RAV4 SOFT TOP 4X4,SUV,2.0,4,M5,X,11.9,253
567,TOYOTA,SIENNA,MINIVAN,3.0,6,A4,X,14.3,288
568,TOYOTA,TACOMA,PICKUP TRUCK - STANDARD,2.4,4,A4,X,12.6,267
569,TOYOTA,TACOMA,PICKUP TRUCK - STANDARD,2.4,4,M5,X,12.2,253
570,TOYOTA,TACOMA,PICKUP TRUCK - STANDARD,2.7,4,A4,X,14.0,301
571,TOYOTA,TACOMA,PICKUP TRUCK - STANDARD,3.4,6,A4,X,15.3,324
572,TOYOTA,TACOMA 4X4,PICKUP TRUCK - STANDARD,2.7,4,A4,X,14.2,301
573,TOYOTA,TACOMA 4X4,PICKUP TRUCK - STANDARD,2.7,4,M5,X,15.7,329
574,TOYOTA,TACOMA 4X4,PICKUP TRUCK - STANDARD,3.4,6,A4,X,15.2,324
575,TOYOTA,TACOMA 4X4,PICKUP TRUCK - STANDARD,3.4,6,M5,X,15.7,331
576,TOYOTA,TUNDRA,PICKUP TRUCK - STANDARD,3.4,6,A4,X,15.7,331
577,TOYOTA,TUNDRA,PICKUP TRUCK - STANDARD,3.4,6,M5,X,16.0,336
578,TOYOTA,TUNDRA,PICKUP TRUCK - STANDARD,4.7,8,A4,X,17.3,363
579,TOYOTA,TUNDRA 4X4,PICKUP TRUCK - STANDARD,3.4,6,A4,X,17.2,368
580,TOYOTA,TUNDRA 4X4,PICKUP TRUCK - STANDARD,3.4,6,M5,X,17.1,363
581,TOYOTA,TUNDRA 4X4,PICKUP TRUCK - STANDARD,4.7,8,A4,X,18.2,382
582,VOLKSWAGEN,CABRIO,SUBCOMPACT,2.0,4,A4,X,12.6,253
583,VOLKSWAGEN,CABRIO,SUBCOMPACT,2.0,4,M5,X,11.2,230
584,VOLKSWAGEN,EUROVAN,MINIVAN,2.8,6,A4,X,17.6,357
585,VOLKSWAGEN,EUROVAN CAMPER,MINIVAN,2.8,6,A4,X,18.6,375
586,VOLKSWAGEN,GOLF,COMPACT,1.8,4,A4,Z,12.1,248
587,VOLKSWAGEN,GOLF,COMPACT,1.8,4,M5,Z,11.1,225
588,VOLKSWAGEN,GOLF,COMPACT,2.0,4,A4,X,11.9,244
589,VOLKSWAGEN,GOLF,COMPACT,2.0,4,M5,X,11.2,228
590,VOLKSWAGEN,GOLF TDI DIESEL,COMPACT,1.9,4,A4,D,8.1,192
591,VOLKSWAGEN,GOLF TDI DIESEL,COMPACT,1.9,4,M5,D,6.7,165
592,VOLKSWAGEN,GTI,COMPACT,1.8,4,M5,Z,11.1,225
593,VOLKSWAGEN,GTI,COMPACT,2.0,4,A4,X,11.9,244
594,VOLKSWAGEN,GTI,COMPACT,2.0,4,M5,X,11.2,228
595,VOLKSWAGEN,GTI,COMPACT,2.8,6,M5,X,13.2,260
596,VOLKSWAGEN,JETTA,COMPACT,1.8,4,A4,Z,12.1,248
597,VOLKSWAGEN,JETTA,COMPACT,1.8,4,M5,Z,11.1,225
598,VOLKSWAGEN,JETTA,COMPACT,2.0,4,A4,X,11.9,244
599,VOLKSWAGEN,JETTA,COMPACT,2.0,4,M5,X,11.2,228
600,VOLKSWAGEN,JETTA,COMPACT,2.8,6,A4,X,14.2,283
601,VOLKSWAGEN,JETTA,COMPACT,2.8,6,M5,X,13.6,267
602,VOLKSWAGEN,JETTA TDI DIESEL,COMPACT,1.9,4,A4,D,8.1,192
603,VOLKSWAGEN,JETTA TDI DIESEL,COMPACT,1.9,4,M5,D,6.7,165
604,VOLKSWAGEN,NEW BEETLE,SUBCOMPACT,1.8,4,A4,Z,11.9,248
605,VOLKSWAGEN,NEW BEETLE,SUBCOMPACT,1.8,4,M5,Z,10.6,223
606,VOLKSWAGEN,NEW BEETLE,SUBCOMPACT,2.0,4,A4,X,11.9,244
607,VOLKSWAGEN,NEW BEETLE,SUBCOMPACT,2.0,4,M5,X,11.2,228
608,VOLKSWAGEN,NEW BEETLE TDI DIESEL,SUBCOMPACT,1.9,4,A4,D,8.1,192
609,VOLKSWAGEN,NEW BEETLE TDI DIESEL,SUBCOMPACT,1.9,4,M5,D,6.7,165
610,VOLKSWAGEN,PASSAT,MID-SIZE,1.8,4,A5,Z,13.2,258
611,VOLKSWAGEN,PASSAT,MID-SIZE,1.8,4,M5,Z,11.2,225
612,VOLKSWAGEN,PASSAT,MID-SIZE,2.8,6,A5,Z,14.7,288
613,VOLKSWAGEN,PASSAT,MID-SIZE,2.8,6,M5,Z,13.4,262
614,VOLKSWAGEN,PASSAT WAGON,STATION WAGON - MID-SIZE,1.8,4,A5,Z,13.2,258
615,VOLKSWAGEN,PASSAT WAGON,STATION WAGON - MID-SIZE,1.8,4,M5,Z,11.2,225
616,VOLKSWAGEN,PASSAT WAGON,STATION WAGON - MID-SIZE,2.8,6,A5,Z,14.7,288
617,VOLKSWAGEN,PASSAT WAGON,STATION WAGON - MID-SIZE,2.8,6,M5,Z,13.4,262
618,VOLVO,C70 CONVERTIBLE TURBO,SUBCOMPACT,2.3,5,A4,Z,14.2,285
619,VOLVO,C70 CONVERTIBLE TURBO,SUBCOMPACT,2.3,5,M5,Z,13.4,269
620,VOLVO,C70 CONVERTIBLE TURBO,SUBCOMPACT,2.4,5,A4,Z,13.9,278
621,VOLVO,C70 TURBO,COMPACT,2.3,5,A4,Z,13.9,274
622,VOLVO,C70 TURBO,COMPACT,2.3,5,M5,Z,13.0,260
623,VOLVO,C70 TURBO,COMPACT,2.4,5,A4,Z,13.6,274
624,VOLVO,S70,MID-SIZE,2.4,5,A5,Z,13.2,262
625,VOLVO,S70,MID-SIZE,2.4,5,M5,Z,12.6,251
626,VOLVO,S70 AWD TURBO,MID-SIZE,2.4,5,A4,Z,14.4,288
627,VOLVO,S70 GLT TURBO,MID-SIZE,2.4,5,A4,Z,13.6,274
628,VOLVO,S70 T5 TURBO,MID-SIZE,2.3,5,A4,Z,13.9,274
629,VOLVO,S70 T5 TURBO,MID-SIZE,2.3,5,M5,Z,13.0,260
630,VOLVO,S80 2.9,MID-SIZE,2.9,6,A4,Z,14.5,285
631,VOLVO,S80 T-6,MID-SIZE,2.8,6,AS4,Z,15.1,297
632,VOLVO,V70,STATION WAGON - MID-SIZE,2.4,5,A5,Z,13.2,262
633,VOLVO,V70,STATION WAGON - MID-SIZE,2.4,5,M5,Z,12.6,251
634,VOLVO,V70 AWD TURBO,STATION WAGON - MID-SIZE,2.4,5,A4,Z,14.4,288
635,VOLVO,V70 GLT TURBO,STATION WAGON - MID-SIZE,2.4,5,A4,Z,13.6,274
636,VOLVO,V70 T5 TURBO,STATION WAGON - MID-SIZE,2.3,5,A4,Z,13.9,274
637,VOLVO,V70 T5 TURBO,STATION WAGON - MID-SIZE,2.3,5,M5,Z,13.0,260
638,VOLVO,V70R AWD TURBO,STATION WAGON - MID-SIZE,2.4,5,A5,Z,14.7,299
